sequence,perplexity,stability_score,stability_raw_if,stability_label,ec_label
MAQSVWGYDSDNGPERWHENYPLAKGDKQSPIEINSKDVQHDSSLSPWHASYDPGAAKTILNNGRTCRVVFDDTFDRSVLRGGPLSGAYRLRQLHLHWGSSDDHGSEHVIDGVKYAAELHMVHWNPKHGNFAGALKQPDGVAVVGIFLKVGKTPKPEMKRILEEIENIKTKGKEAPFLHFDPSILFPKSRDYWTYHGSFTTPPCEECITWILLREPIEVSSDQMAKLRSLSKNGENEPVSPLVDNWRPPQPLKGRIVRASFK,1.0461404295712589,15.605754726292252,143.94463848986197,low,4.2.1.1
MRDIIDGFLKFQREAFPKREALFKQLATQQSPRTLFISCSDSRLVPELVTQREPGDLFVIRNAGNIVPSYGPEPGGVSASVEYAVAALRVSDIVICGHSNCGAMTAIASCQCMDHMPAVSHWLHYADSARVVNEARPHSDLPSKAAAMVRENVIAQLANLQTHPSVRLALEEGRIALHGWIYDIESGSIAAFDGATRQFVPLAANPRVCAIPLRQPTAA,1.0600128932401323,13.73542189918215,125.98377345409244,low,4.2.1.1
MSDKDKQPLAASASAPQVAETADAALQHIVDGFLHFHHEVFPQQEELFKKLATAQRPRAMFIACADSRIVPELITQSAPGDLFVTRNVGNVVPPYGQMNGGVSTAIEYAVLALGVQHIIVCGHSDCGAMRAVLNPESLEKMPTVKAWLRHAEVAKSMVHDNCNCANEGESMHVLTEENVIAQLQHLRTHPSVASRMANGHLFIHGWVYNIESSEIKAYDADQGCFLPLDGSHPIPVATPKARF,1.0963968108028286,13.981097467634182,128.34300367429387,low,4.2.1.1
MNELHELIDNNARWADAIEQEDPEFFAKLARQQTPEFLWIGCSDARVPANEIVGMLPGDLFVHRNVANVVLHTDLNCLSVIQYAVDVLKVKHILVTGHYGCGGVRASMKDRQYGLIDGWLRSIRDLYYEKRDELAKLTTEEEQVDRLCELNVIQQVANVGHTSIVQNAWHRGQSLSIHGCIYGIKDGRWKSLDATISGFEQLPPQYRLRPQD,1.1112524656251253,14.042056302475565,128.92839328487753,low,4.2.1.1
MRDIIDGFLRFQSEVYPKRASLFKSLATRQTPKALFVTCSDSRVVPELLTQREPGELFVIRNAGNIVPSYGPEPGGVSATVEYAVAVLGVRDIIICGHSDCGAMGAIAQCTCLDHLPAVANWLRHSDAAKAINAAHEFGSEEARIDAMVRENVVAQLANLKTHPSVALALEQDRLSLHGWIYDIANGEIAAYDGANGRFRALSDNPTMVPVATSSATAASST,1.352806069859026,13.464513655116777,123.38223305539577,low,4.2.1.1
MTSFSQQLIDGFVAFRRDTFPRQHEALFRELAKTHNPETLFIGCSDSRVVPSLITGARPGELFVVRNIANLVPVYRPDGPYHGTSAAMEFAVRVLGVRDIVVCGHSHCGAIGGLYGRVAPATQLPLVDEWLALAGGVGEDGAPSDEGLLRLVEHNVVMQLEHLRTYPAVARGLARGELTLHAWYYVIDTGAITSLSETSDAFRPL,1.671877902001693,12.69576387151632,115.99990467544694,low,4.2.1.1
MLSKEEFFERNQKWAEKISKDNPGFFADLKEGQHPTYLWIGCSDSRVPAEDLTGMNQGDIFVHRNIANQVVHTDLNCLSVIQYAVDVLNVRHIMVVGHYGCSGVGAALDNKKFGLLDNWLRHVKDVYRLHKEEIDKIADKKKLEKLIELNVLEQVKHICHLAETSVVLNAWNENKDVEVHSWIYSIDSGVLKDLGLSVEKEQDLKQVFESAK,1.6874702147136147,12.559672550124596,114.69301543058828,low,4.2.1.1
MPRRSLHAAAVLLLIVLKEQPSSPAPANGSKWTYFGPDSENSWSKKYPSCGGLLQSPIDLHSDILQYDASLVPLRFQDYNQAASLLNNGHSVKLSLPSHVHIRGLRAGNFPMESLHLHWGDQNDPYGSEHTVNGQHFAAELHIVHYNSDLYPNALKHADGLAVLAVLIEMGPFTPILDKILGYLREIQEEVPYSNTKMTVGFDPAGFYSEGSLTIPGCNEAVTWIVFKNPIEVSPEQSGTLPLNVDNLRTRLRSYDREDEPLQDNYRLVQFPDERLPDESQPAPS,1.9069559547474952,10.160140466324798,91.65023326827213,low,4.2.1.1
MLKTAALSLAFALVPAVYTAEDWAYSGDTGPQNWSHVEPAYPTCGGLRQSPINITSASAESKTAAFNPLKLSFNATTNTIANTGHTIEVNLAPGGTVELDNTKFTLNQFHFHTPSEHRIDGRSYPLEGHFVHASEQGRMAVVAVFFSEGENNPILAKAWSAMPAKAGGKAVNVTDAVDLKDVLPKSKKYTYSGSLTTPPCNESVTWIVFKDVETVSKNQLDAFKTVNKRPLQPLDGRKVYDAN,2.0964622949761607,11.254524862142524,102.15964108362095,low,4.2.1.1
MRALVPFLCTCALLLHDAMAQEWGYSDHNGPDHWGKISKDYATCKSGVKQSPININTVTEADLKTLRLTPADVKDAEKLTLSNNGHTLQVDLPPSAIVIDGVPYKLTQFHFHWGEHNHEGSEHEVDGKKYPLEMHIVHIKQDFDKITTTLAAEDGLVVVGFFIQQSGSNTSLNSIISGISSTADATKDTISNVTSLKALIPSSNDLSSYWRYPGSLTTPPCSEGVIWIVFKTPITLSKEQVELFRNLKFDDGQPMQKLNGRLVKKSI,2.0979723419417873,10.91522149144676,98.90130013012094,low,4.2.1.1
MALSSLTTSATVRGTPIARPSSATAAPAVRLVTQRSFGRAAVTRNVSLPKLDTSVSPAVDSTEESESALEHLQKRIRDGFEEFKEDKYAQKFEKDKDRYVANPAHSQEYQAKCELAQKPKCMMIACADSRVCPTSILGFEPGEAFTIRNVANLVPSWERNKEVDTKVSALVAGTKSFIEVFDELLDEAGSIELLVVNHSVCGGIKALMTQQPAAGSYNKDLDFYSYAGSATKEAIKNWAVVAENTGIPSFEALVENAKKTNGGAVNITLKNLQEKHFVPDDSVSSLLSNF,3.194252532331473,7.848345617592289,69.44999453716446,low,4.2.1.1
MAQSVWGYDSDNGPERWHENYPLAKGDKQSPIEINSKDVQHDSSLASWHASYDPGAAKTILNNGRTCRVVFDDTFDRSVLRGGPLSGAYRLRQLHLHWGSSDDHGSEHVIDGVKYAAELHMVHWNPKHGNFAGALKQPDGVAVVGIFLKVGKTPKPEMKRILEEIENIKTKGKEAPFQHFDPSILFPKSRDYWTYHGSFTTPPCEECITWILLREPIEVSSDQMAKLRSLSKNGENEPVSPLVDNWRPPQPVKGRIVRASFK,1.062222951819775,15.623063622788365,144.1108563679736,low,4.2.1.1
MNRPKSMLVANIAWAHETRDHTPGFFDALARGQNPRVLWIGCADSRVPAETITHCAPGELFVHRNIANLFHPDDDNSASVLEYAVRVLQVDHVIVCGHYGCGGVRASLLPPPDDLPHVARRIAPLCALARRHRDALDGLDDTTEADRLAELNVLEQVRLLRASPIVRGRERPPLVHGWIFSLSDGRLKELDSGYATPPAGAEPAPADAAPALVAAVAAE,1.2813482056157808,13.838224522486144,126.97099028294906,low,4.2.1.1
MNELIGRVFAFETDVYPSKKSLYHQLAEQGQSPKALMISCADSRIVPEQIMQADPGDLFVCRNAGNIVPPHATQNGGVTSTVEYAVMVLGVRDIIVCGHSDCGAMKAVANPELLSTMPNVAAWLRHSHAAQQVVCDAYPDDIDEKRKAAAMENVVIQLTHLRTHPSVAAGIACGTIRLHGWFVDIHAGQILGIDGETGRFRALREDQPMPVAVAHGQRLRGDIALASE,1.5846810344787852,12.972366612437028,118.65612950676586,low,4.2.1.1
MSEQSPDAATESAEATSSAEEALKHIVDGFLHFHHDAFPEQQALFKKLATAQRPRAMFITCADSRIVPELITQSAPGDLFVTRNVGNVVPPYGQMNGGVSTAIEYAVLALGVQHIVICGHSDCGAMRAVLNPQALEKLPTVKGWLRNAEVARTLVQDNCNCANETEAMHVLTEENVIAQLHHLRTHPSVASKLANGQLFIHGWVYNIETSEIAAFNADKQRFLPLDGESPIPSATPKARF,1.5996401801750464,13.16154734147573,120.47283800505102,low,4.2.1.1
MKLLSDLFANNRAWADEMVKRDPQYFTNLAAQQAPEYLWIGCSDSRVPANQIVDLMPGELFVHRNIANVVVHTDFNCLSVLQYAIEVLKVKHIMVVGHYGCGGVKAAMQDQEYGLISNWLRNIKDVYRFHRDELDSITDEHERVNLLCELNVAQQVSNVCHSTIVQDAWDRGQELAVHGWIYSVSNGLVNDLNVTITGQDQFDAALAKNIDSSLQALNR,1.6701743280478303,13.386490789379799,122.63297701877309,low,4.2.1.1
MREIVAGFLRFQRDTYPHQSELFKHLATTQNPKALFITCSDSRVVPELLTQTQPGDLFVIRNAGNIVPSYGPEPGGVTATVEYAVAVLGVADIVICGHSDCGAMTAIAAASSLPTPEHLPAVATWLRHADAAKRVNEARAHASHDAVRALANENVVAQLSNIKTHPAVALALEQGRLALHGWVYDIPNSTIAELRPEVGHPVASPRSRWTPALA,1.9688439521307737,12.530513888946734,114.41300388908712,low,4.2.1.1
MSHDWGYAPTNGPEKWCKNFPIANGPRQSPVDIKTDETKYDRSLKPLTFSYDASNDNQGVKNNGHSMQIGAPDTFQGSPFELKQFHFHWGNNNSWGSDHVMGSEHYAAELHLVHWNSAKYSTFGEAAADKPGGLAIIGVFLKIGDANAALQKTVKVIKEIKQKGKNAEFNNFDPSCLFPPCKDYWTYNGSLTTPPLHECVIWNVLKEPITVSSEQMGKFRALISSPDNEDPINNLLNNYRPPQPLKGRLVK,2.564688611870605,13.26730226970842,121.48840591110638,low,4.2.1.1
MNKLDELFAHNRAWSANMEADQSDYFKHLAAAQKPEFLWIGCSDSRVPATQVASLSPGEIFVHRNVANLVHEGDLNSLSAIQFAVEILNVQKIIICGHYGCGGIKAIMDLAKFGLIDNWLQHIKDVRHRHQAVLDATAGDLDVQSLRNNALEQANNVCQTSVVQDSWSKGQQLNIHSWIYGLTDGRVRELGCNLSEVEERLGETLTNAVRKVEQKRSA,2.6249861296011923,11.476196391448848,104.28835976001574,low,4.2.1.1
MPSRTDALPGYLVQRFKNWQRSEYAANKERHPNSPIFIACCADSRVPAEQIFGLDPGEVLTVTENLATIEYAVKFLKVKQVVVMGHSHCGGVAAAAKGGPEDISHFLAPWIEEAAERTPDADDGDISPQAKQAALELARVRASLDVYERLAEAPLVREAREDDLQLHGMYFDLATGKLHPFS,2.8791081430985117,7.993478400390822,70.84370922062953,low,4.2.1.1
MLKAAVFSAVLTAVCSHWSYTGSDGPNNWGEIETESTRYKTCSVGKQQSPININKDNLKANLNPLNFDYSENQTIVINNTGNTVKVNFDGDTGAISVDGKTFSLKQFHFHTPSENHIHGENFDIEAHLVHENQNGEMAVVSIFFTEGKNNPLLQPVLQSINNIETDKVSIGSLNPNKFTQYNGSLTTPPCSEGVKWYVFTNPIKISKAQIEAFNTVIKHENNRPVQPINGRTILK,3.0721682863961797,11.088019519020516,100.56068503034476,low,4.2.1.1
MTAIGQLFANNRQWVQDMQSDNPAFFAELAKQQHPTYITWAGSCVVNPITQSIPGDVYVHRNIANIVVQTDMNLINNLELLEHAVEHVLVVGHYDCSGCAAVISSPSAKGLVDTWLETIRDVRDKHREEMDALPDEVAKSRMCEINVRAAMASIRDNPMAKRAWDRGQPVTIHGMVYDVKEGVLHNLDAGSTEDAVVKAYKEI,3.21554660462658,9.284865406358639,83.24493930488825,low,4.2.1.1
MKNLIEGFLNFQSEAFPQRTDLFKHLATTQSPGTLFVTCSDSRVVPELLTQQEPGDLFVIRNAGNIVPSYSPHPGGVSATVEYAVAVLGVTDIVICGHSDCGAMTAVAKCKCMDHLPAVSGWLQHAESAKVINESHPHASEAAKVSSMVRENVIAQLANIQTHPSVRLAQEKGLLNLHGWVYDIETGSIDALDANTHRFVALAEHPGTCAVYGETESAA,1.3162839526971888,13.55180856366973,124.22052881115815,low,4.2.1.1
MTDLQDLIDKNRAWSERMCAEDPEFFTRLSKQQNPDYLWIGCSDSRVPANQIISLPPGEVFVHRNVANVVVHSDLNCLSVIQFAVDILKVKHILVVGHYGCSGVQAALDGARVGLADNWLRHVQDVRDKHQSWLDAVVPPERQSVLCELNVIEQVMNVCHTTVVRDAWKRGQRLAVHGWVYGLANGHVEDLDCTIDGPGRVAARYRAAVQRVMETE,1.7932232767209866,13.939747450991158,127.94591816235334,low,4.2.1.1
MSTLEQLFSNNRAWAERIKSEDPGFFQRLAAQQAPEYLWIGCSDSRVPANQILGLAPGEVFVHRNIANVVVHTDLNCLSVLQYAVEVLKVKHVIVCGHYGCGGVRAALTGEHLGMIDNWLRHVRDVYSRHRERIESIPDSERFDRLCELNVVEQVANVTTTRIVQDAWERNQEISVHGWVYSLQAGKVLDLGLRLNSEGAVG,1.966176466633326,13.89385400228621,127.50520192924887,low,4.2.1.1
MKDLIADNEAYARSFTGPLPLPPGRKVAVVVCMDARLDVYRLLGLQEGDVHVIRNAGGRATDALRSVILSQQLLGTREVVIVHHTTCGMLQFKDEDHVKQVIEQHGERADHLRFLPFGDIEQSVRDDVEVLRQTPLILHDTAVRGFVLDVETGRLEESE,2.0122436442580947,9.313873674369168,83.5235066160676,low,4.2.1.1
MQDIETLFKNNYAWSAQMAERDPQFFTSLAQAQHPEYLWVGCADSRVPANQIIDLTPGEVFVHRNIANIVVHTDFNMLSVLQYAVEVLQVKHIMIVGHYGCGGVRAAMGGQHVGLIDNWLRHIQDVYRLHQAELDAITTDETRLDRLCEMNVIEQVANVCHTTIVRDAWRKGQQLSVHGWIYGLSDGILRDLQCIVSGTEQVPEVYQVAIASYR,2.0700226857107955,13.619518504418494,124.87074950436363,low,4.2.1.1
MSEIQTLFANNRDWVSKVTQEDPDYFRDLSKQQSPDYLWIGCSDSRVPANQLMGLAPGEVFVHRNVANMVVHTDLNCLSVLQFAVDVLKVKHIMVVGHYGCGGVRAAIEGKEHGLIDNWLRNIKDVCRFHHAELLDQIEPQQRFNRLCELNAIEQVVNVCQTNIVQNAWQRGQELSVHSWVNDIRDGIKDLKIDVESGLDLLQKSPS,2.1226596851838644,12.943043084307073,118.37453474273207,low,4.2.1.1
MKSFSETLLNGYNAFRNGDWRRQKDRWQELRDGQEPDVMVIACSDSRVEPSGVFDTNPGEIFVVRNIAALVPPFQTTPGQHGVSAALEFAVTQLKVGEIIVMGHGLCGGCQAALTQSMRGAEKGGFVANWITMLDEAQDMVRAGYSDDADRETLRMAEAGIKTSLDNLMTFPFVPDKLKRGDLKIHGAHFGIANGQLVLREGEGGAFSVAQ,2.308787358268499,11.31453156227984,102.73588731465861,low,4.2.1.1
MLLNKIIEGNRLFSKRYLGDQERFDALATNSHPRVLTVSCCDSRVSPEIFLGCSDGDIFMVRNVGNIIPPHQESDESTGDVATAALEFAVKNLKVKHIIVLGHGSCGGIKAWLNDKKKPLEAKGGVKAFVEDFKSEENDIAASSLRESSIKASVENMKTFGWVYNLETGEIRLFS,3.2441358335139814,7.2139326422077,63.35770675679669,low,4.2.1.1
MSEDTPSNGSPSSRDAAATELAALKDGNQAFVSGSVRPAALTGRRDALIEGQSPFCIMVGCSDSRVPEEVVFDQKLGDLFVVRTAGHVLGPSLLGSVEYGVDMLHSPLVVVLGHRSCGAVRAALKDLRGGQPETPAIAAVVGAIAPALDDIVPDELRASALVDVVVANTVKQAVTRLKAASALLADRLKENELLVVAAEYSLEEGRVTII,3.6089043822943334,12.58708447789348,114.95625303615816,low,4.2.1.1
MKEKLEIVAENNRKFVQNKPEYPESGRDALVHAERGQHPSSVVLTCADTRVDPAIAFGMGDLFVVRVAGTIANPSVLGSIEYGVEHLGVPIVVVLGHQSCGAVAAVVKNSPSEAVSPGQLGSLVARIQPSVADLAKGKSDIPEADLADLIAKESEKLQQESTERIVEDVRKTKIITRLISEGRLLIVGGAYDLKSGKITWLE,3.9070136086684437,10.856803810738848,98.34031330270227,low,4.2.1.1
MSTELNAQTVPPSELFDRNRLWADSITRVHPHQPNYFTDLKGQGSPSILYIGCSDSRLSVEELMPTQPGELFVHRNIANIIGNQDFNSIVAVLNYAVNHLDVKDILIVMGHYGCGGVLAAIHQEDSNNSNTDFDPWLGSVRDVCKEYKDQIDATKDPETARERNVMELNVVHGALKVLSEPVFKRSWERGQRLSIHGFVYGLDDGLLHDLVSSVSKSTLDSFDDVLGAGKS,4.715052405918036,10.969909000592615,99.42646600256558,low,4.2.1.1
MKLLKPLFDNNRRWAARVSKEDPQFFEQLSKQQHPEYLWIGCSDSRVPANQIIDMAPGEVFVHRNIANVVVHTDLNCLSVIQYAVDVLKIKHILVVGHYGCGGVHACLHNTRVGLADNWLRHVGDVMQKHQGILDAIDDEESRHDRLCELNVIEQVANVSHTTILRDAWARGQDVIVHGWVYSLKDGRVHDLGMSIDSLEELRPAYEKPRAV,1.3139916827580875,13.652044156304244,125.18309436365962,low,4.2.1.1
MSDLKQLFENNARWAEAIKEESPEFFAKLAQTQKPEYLWIGCSDARVPANEIVGMLPGDLFVHRNVANVVLHTDLNCLSVIQYAVDVLKVKHILVTGHYGCGGVHASIHNTRLGLIDGWLRSIRDLYYEQREVMAQLPTEAAKLDRLCELNVIQQVANVGHTSIVQNSWHRGQSLAVHGCIYGIKDGLWKNLGLTVSGLDRLPEQYRLRPPA,1.375136830292062,13.362950557108134,122.40691942698322,low,4.2.1.1
MSDKDKQPLTASAASHAETADVALETLLAGNRRFVTGAPDHPNQDATRRAEIAPGQQPFAVLFGCSDSRLAAEIIFDRGLGDLFVVRTAGHVVGAEVLGSIEYGVSVLGVPLVVVLGHDSCGAVGAARAALETGTAPGGYVRDVVERVTPSVLVARASGLRAEEEILAEHIDHTVDLLLERSRVLADKVAAGRLGVVGLSYRLADGGVRAVTAHGLAAAA,1.4237514676720353,14.758353481092332,135.80701764742844,low,4.2.1.1
MKTNPSPAQAWQQMLDGNRRFVSGEPEHPNQDADRRKELAEGQTPFAVIFGCSDSRVAAELIFDVGLGDMFVVRTAGHVLDDAVVGSIEYGVEVLEVPLIVVLGHDACGAVTSAIADGRTPAGFVRDLVERVTPTVHAARRNGVDEIDTIEEHIDTMVDELVTASAAAIREKVESGRLAVVGATYHLSEGEAVADHGVGRVTD,1.8782715406305932,12.17892759353126,111.0367096227128,low,4.2.1.1
MRKFYDKLLDNNQAWVESHKTENPQFFEKLSKGQQPPLLWIGCSDSRVPANQILSTLPGEVFVHRNIANVVVHSDLNCLSVMQYAVEVLKIKHIIVCGHYGCGGIQAALDNKNIGLIDNWLRNIKDVFRMHRNEYNSLPQSERFNSIVELNAIEQCVKTTIVQKAWRNKQKLALHGWVYSIKNGLINDLKIDCISELESFTQISPIKQIKQ,1.9712014434441973,11.736934171326102,106.7922328708446,low,4.2.1.1
MSHRLTEGVAKFMEDDFPSKAELFERLGHSQKPHTLFITCSDSRIVPNLITQTDPGDLFVCRNAGNIVPPFGEMNGGVSATVEYAVAVLGVSDIIICGHTECGAMKGLLDPTALGAMPTVGEWLSHCRTATSILSNAYEHLPDKPKAMRLVTQQNVVAQINHLKTHPSVALGLAQGKVNFHLADGEITVLDENNRTLKQIEKTTLARRQQAAG,2.115463286735715,10.907044554900112,98.82277675097066,low,4.2.1.1
MSSASITQNAPTAEETADAMLQRVKEFQHEIFPAKSDYYQKLAHGQKPKTMFIGCSDSRAIPELITQTAPGEMFVVRNIANMVPSYGAPHPYASATAAIEYAVAGLQVEHIVVCGHSSCGAMQGLMNPEMLQKLPGVEQWMRNAELCREAVLEHGSDEDAIRQLSELKQLANIRTFPAIQDRARAGQIALHGWYYNLKDGEVFAYDPEKHQFSAL,2.389609847355309,11.35830034132195,103.15620027808473,low,4.2.1.1
MNASDLIRFIQTGRVELPSYVSEHAARLERLIDTGQTPKCIVITCCDSRVPPEQVFSTGPGEIFTLRNVANLVPPYATTDEHPTAVEFAVNALGVQDIVAILGHAHCGGVRALAGSDPAGHLPHLDAWIRQQSQDVTDALDPDEAARVSLEYEVVLQLDYLLRASPIRTAVHNGRLTLHGWFHDLAEGTIHILEQDQATFEPLSSR,2.7242030514627595,9.719086867361378,87.41478166858951,low,4.2.1.1
MPRTRLSALAALPVILLTSCGTSTDAEEEPQSTQAETKPETKEAATEEVAEEKDHWQYKGEDGPSNWGELNEDNAECGKGEMQSPINIQSAEANLEDLQFEGYNASPYSILNNGHTIQGELEGDDYSLLQAHFHSPSEHKLDGHKFEIETHLVHADEDGNLAVIGMLFQEGEEHPGFEQIMKHIPATEDQETKASDLDSLLPADQNYYHYLGSLTTPPLEENKEWTIMDQPVEISEQQLTKFNSIMGTDEALQDNFRPTQPRFDREVKIH,3.521105475356243,9.854080112562478,88.71112605321105,low,4.2.1.1
MLRLAGVSVATLFALAAAAPAREPVRPPRPPVAQELAAAAAGHDPAVAAIVSGNDRYWSDHRTSTKNFDGGSARGVERQSPINLGFNGDTPLAVVLSCVDSRVPPEIVFDHGITSLLIAGNIVEDGAFDTAVARAEGTAPALVMVMAHTGCGAVAAAARAVDGATSASPDLPGAIDAVAPAIAAGEGDREAAAKAARANTAASLARLLDEGRPVIVEALRDRSPVLAAYFDVVTGQVSTLA,3.8153145540491793,9.229720226195882,82.71537840325618,low,4.2.1.1
MTAPDFSLNDSTTDLTSRADAEGRIVVVTCMDARLEQLEELFGETVHTALGHADPAHLAYAARRLAVPQSLTTILTCSGHLPAAPVLTDVIADVATTSRPRGLFPLAPGAVRAVDRPLRPGILDHGPTAALLVVDATVVATLERVVPDAGVVRVGVVHTPEAGLLTDWGTALRGDLRRVVEEAGERVETAGTAAVRRLISVGRVLPAAGRLLDGTVAVLAHDGAALAGTGA,4.368338098418835,4.690207492694633,39.122294673579745,low,4.2.1.1
MPEIKQLFENNSKWSEEIRADRPEYFTKLEEGQHPGFLWIGCSDSRVPAERLTGLYSGELFVHRNVANQVVHTDLNCLSVVQYAVDVLNIKHIIVCGHYGCGGVNAAIDNPKLGLINNWLLHIRDNYLKYRKQIESLPRQAWGDKLCEINVAEQVYNLGNSTIMQNAWERGQEVEIHGVVYGIGDGKLEYLRCTSESGDETLASSHAATLSNILNTPDNSLLCR,1.5226334811147226,13.31867848351828,121.98177331016632,low,4.2.1.1
MTDSSPLQHLFDNNDAWVRRKLEQDPDYFSRLADQQAPEYLWIGCSDSRVPANQIIGLPPGEVFVHRNIANVVVHSDLNCLSVIQFAVDLLKVKHIMVVGHYGCSGVGAALHGRRVGLADNWLHHIQDVRTKHADMLEGIADQADRMCELNALEQVVNVCRTNIVQDAWDRGQSITIHGWVYSLRDGRARDMKMSCQRPEDLQRVYRQAVDRIRQD,1.7631035030297348,13.334677453414413,122.13541192188859,low,4.2.1.1
MSRIKELFENNYAWAERISSENPGFFDTLSQTQNPEYLYIGCSDSRVTAEDLMGIQPGEVFVHRNIANVVNTLDMSSTAVIQYAVEHLKVNHIVVCGHYGCGGVKATMQAADLGLLNPWLRNIRDVFRLHRQELDAVDDIEKRYDRLCELNVIEQVINVSKSTIVQDAWARGQDLYLHGWVYSIGTGVLKDLHIDITSNQSLEDVYRLEI,1.9815117501406128,13.156330541958743,120.42274091501167,low,4.2.1.1
MAGDRLREASDLFTHNREWAAKVVQEDPDFFKKLANQQAPEYLWIGCADSRVPANELLGLLPGEVFVHRNIANVVVHSDLNCLSVLQFAVDVLKVRHILVVGHYGCSGVHAALRRRRVGLADNWLRHIEDVREKHAALLESLPAEEARVDRLCELNAIEQVVNVCHTTIVQNAWERGQAITVHALVYGVHDGRIRDLGMSVSAPDALESVFADALRPAARGPGRGTVKA,2.1369047554553156,14.244813120831292,130.87547339638695,low,4.2.1.1
MSQFPANLAEGYRSFMTGRFHDERARYDTLVNEGQAPEILLIACCDSRAAPETIFDCGPGELFVVRNVANMVPPYEPDGQLHGTSAALEFAVQCLKVKHIVVMGHGRCGGIKAALDPESTQPLLPGDFIGRWIGMLQPVAEGVGDNAHADARRAMEQQAIHRSLENLMSFPSIKALVESGKLTLRGAYFSIADGQLTLRSDDGTFEQIA,2.2764642945033136,11.954516535964995,108.88168317016971,low,4.2.1.1
MPRRTVLPSYLVQRYHGWKATTFTENRAWYKRAADEGQHPRAMIISCCDSRVHVAAIFGAESGEFFLHRNIANMVPPYEHADGGAHGTEAALEYAVSVLNVNKVIVMGHSQCGGVKGCLDMCAAKAAPLEKGSDFVGRWMDILRPAYEKLAKVKDPEDQRAALEKQAILVSMDNLMNFPFVAAAIEAGKLKLHGAHFGIADGVVHALDEGAGRFTQI,2.5145713008786448,12.513562878273738,114.25022279980476,low,4.2.1.1
MTALNSTSRRKILLGACCPCLPAAASLFGAALAAGLDLAPMASARSKTVMTPEQALQRLMDGNARYVSGLTRTHDFMEDRGMYERLVNGQNPYASILSCADSRISPEYAFDTALGDLFVCRVAGNFASDAVIASLEYSVAVLKAPLILVLGHDNCGAVDATIKSLKDDKPPPGHIRNLIAALAPAVKACAQHPGNALANATSQNIKDNVRRISQQLKTAAPILSALFNDNKLKIVGGIYRLASGKVDLIT,2.5678223182721855,12.18863532589467,111.1299332822964,low,4.2.1.1
MPSLTDGYRAFVQNRSDLYDRLSDKSEPSTMIVACADSRVDPAVILDARPGEVFVVRNVANIVPPYEQHGHHGTSAALEYGVAVLGVRHIIVLGHAQCGGVAAFVNDPGEALDPTTYIGAWARQAEPAQTALADAPSTDQLRRCELDLTIRQGLERLATHPTVSAAIEGGSLALHGWFFEIDSGALLAYDGDEGRFRVVD,3.05535283312535,11.501964194783113,104.53580878686626,low,4.2.1.1
MQRISRFLPTALATLAVLTPAAGASARTETAAPAASAPAGAGEASSADPLGHLLQGNHRFVQEDPKAPKRNEVSRARLSAGQRPFAVLVGCADSRVAPELLFDQGLGDLFTIRSAGQIIDEAVLSSLAYAVSELGIELVVVLGHAHCGAVKAAVEELDDSELPHLVGQIQPAVRATPDDPPDTSIDEAIEEHVKRVVERLLPSASPLIRDAIAAGEVEVVGARYSLATGQVTIVA,4.007715997256772,12.530317215670358,114.41111522942083,low,4.2.1.1
MKNSSVIALLSSILGTLSFLPSHGSTHWTYSEEDGPSNWGELNPEFGTCKGRYQSPIDINTNKAKLNETLPTLNFNYQGQIKSVENNGHSIVLSYGTEDNLVMDGTEYTLKQMHWHTPSEHTLNGKRYDLEMHLVHRSENKQTVVAVFIQAGQDDDHLALEKETDKFVQNGSNISSVNLNKLIPKGDEFYRYKGSLSTPPCTEGVVWNVVGRVRSMSKSQVKQFRDVVSHDARPIQDLDERVVFQ,4.850128703464216,10.271744764560536,92.72197285866423,low,4.2.1.1
MLSRAIPAVARGATTSARPRLIQQRWPCCCCSSKSPTADDARAGSEGSPAATGAVTAEPVAPRLPPSLADGPDAALRILRNGNERYVSDESPCDPSRREALAEGQHPFCVALSCADSRVSPEMIFSSGLGDLFTLRVAGNITNEESVASLEFGSAALGSKLILVLGHTGCGAVEGSLDVLRNQASAAERASAGELDGRIERITAAIQERSPELARAESEDGRIDRLAIVGAQYRLDTGEVTIL,5.120902549839999,10.399553032276732,93.94931967824232,low,4.2.1.1
